MutPred Pathogenicity Score,Position,Reference,Mutation,position and base change,Transition  or Transversion,Gene,Codon Position,Amino acid,New amino acid,Amino acid position in protein,number of haplogroup markers,Haplogroup_marker ,2_character_haplo,Parent_Haplomarker,Count,Seqs,Frequncy on GB,duplicates count
0.98,8527,A,G,8527A>G,transition,MT-ATP6,1,Met,Val,1,2,L3f,L3,L,124,30589,0.0041,1
0.85,13129,C,T,13129C>T,transition,MT-ND5,1,Pro,Ser,265,3,L0d,L0,L,172,30589,0.0056,1
0.839,9438,G,A,9438G>A,transition,MT-CO3,1,Gly,Ser,78,37,L0d,L0,L,127,30589,0.0042,14
0.785,15257,G,A,15257G>A,transition,MT-CYB,1,Asp,Asn,171,19,J2a,J2,J,201,30589,0.0066,10
0.785,15257,G,A,15257G>A,transition,MT-CYB,1,Asp,Asn,171,19,J2b,J2,J,133,30589,0.0043,11
0.783,3394,T,C,3394T>C,transition,MT-ND1,1,Tyr,His,30,54,J1c,J1,J,110,30589,0.0036,24
0.783,3394,T,C,3394T>C,transition,MT-ND1,1,Tyr,His,30,54,M9a,M9,M,180,30589,0.0059,40
0.753,15662,A,G,15662A>G,transition,MT-CYB,1,Ile,Val,306,8,B5b,B5,B,104,30589,0.0034,1
0.676,6150,G,A,6150G>A,transition,MT-CO1,1,Val,Ile,83,9,L1c,L1,L,158,30589,0.0052,4
0.669,14110,T,C,14110T>C,transition,MT-ND5,1,Phe,Leu,592,38,M1a,M1,M,117,30589,0.0038,23
0.664,3992,C,T,3992C>T,transition,MT-ND1,2,Thr,Met,229,9,H4a,H4,H,168,30589,0.0055,3
0.662,8932,C,T,8932C>T,transition,MT-ATP6,1,Pro,Ser,136,3,L3f,L3,L,124,30589,0.0041,2
0.641,8618,T,C,8618T>C,transition,MT-ATP6,2,Ile,Thr,31,21,L3d,L3,L,214,30589,0.007,10
0.639,11969,G,A,11969G>A,transition,MT-ND4,1,Ala,Thr,404,23,C4a,C4,C,222,30589,0.0073,3
0.639,11969,G,A,11969G>A,transition,MT-ND4,1,Ala,Thr,404,23,C4b,C4,C,134,30589,0.0044,4
0.63,11172,A,G,11172A>G,transition,MT-ND4,2,Asn,Ser,138,9,L0a,L0,L,179,30589,0.0059,5
0.628,4917,A,G,4917A>G,transition,MT-ND2,1,Asn,Asp,150,35,T1a,T1,T,337,30589,0.011,18
0.628,4917,A,G,4917A>G,transition,MT-ND2,1,Asn,Asp,150,35,T2a,T2,T,154,30589,0.005,21
0.628,4917,A,G,4917A>G,transition,MT-ND2,1,Asn,Asp,150,35,T2b,T2,T,509,30589,0.0166,22
0.615,3547,A,G,3547A>G,transition,MT-ND1,1,Ile,Val,81,36,B2,B2,B,125,30589,0.0041,1
0.611,4216,T,C,4216T>C,transition,MT-ND1,1,Tyr,His,304,66,J1b,J1,J,230,30589,0.0075,20
0.611,4216,T,C,4216T>C,transition,MT-ND1,1,Tyr,His,304,66,J1c,J1,J,843,30589,0.0276,21
0.611,4216,T,C,4216T>C,transition,MT-ND1,1,Tyr,His,304,66,J2a,J2,J,200,30589,0.0065,23
0.611,4216,T,C,4216T>C,transition,MT-ND1,1,Tyr,His,304,66,J2b,J2,J,134,30589,0.0044,24
0.611,4216,T,C,4216T>C,transition,MT-ND1,1,Tyr,His,304,66,T1a,T1,T,347,30589,0.0113,47
0.611,4216,T,C,4216T>C,transition,MT-ND1,1,Tyr,His,304,66,T2a,T2,T,154,30589,0.005,50
0.611,4216,T,C,4216T>C,transition,MT-ND1,1,Tyr,His,304,66,T2b,T2,T,508,30589,0.0166,51
0.61,13637,A,G,13637A>G,transition,MT-ND5,2,Gln,Arg,434,6,U5b,U5,U,212,30589,0.0069,4
0.609,14798,T,C,14798T>C,transition,MT-CYB,1,Phe,Leu,18,36,J1c,J1,J,841,30589,0.0275,12
0.609,14798,T,C,14798T>C,transition,MT-CYB,1,Phe,Leu,18,36,K1a,K1,K,806,30589,0.0263,14
0.609,14798,T,C,14798T>C,transition,MT-CYB,1,Phe,Leu,18,36,K1b,K1,K,125,30589,0.0041,15
0.609,14798,T,C,14798T>C,transition,MT-CYB,1,Phe,Leu,18,36,K1c,K1,K,173,30589,0.0057,16
0.609,14798,T,C,14798T>C,transition,MT-CYB,1,Phe,Leu,18,36,K2a,K2,K,180,30589,0.0059,20
0.609,4232,T,C,4232T>C,transition,MT-ND1,2,Ile,Thr,309,25,L0d,L0,L,550,30589,0.018,16
0.608,8794,C,T,8794C>T,transition,MT-ATP6,1,His,Tyr,90,62,A2,A2,A,163,30589,0.0053,18
0.608,8794,C,T,8794C>T,transition,MT-ATP6,1,His,Tyr,90,62,A2a,A2,A,159,30589,0.0052,22
0.606,13780,A,G,13780A>G,transition,MT-ND5,1,Ile,Val,482,32,N1a,N1,N,117,30589,0.0038,30
0.587,12811,T,C,12811T>C,transition,MT-ND5,1,Tyr,His,159,10,M7b,M7,M,187,30589,0.0061,9
0.581,11696,G,A,11696G>A,transition,MT-ND4,1,Val,Ile,313,17,D4j,D4,D,126,30589,0.0041,3
0.577,3308,T,C,3308T>C,transition,MT-ND1,2,Met,Thr,1,14,L1b,L1,L,257,30589,0.0084,11
0.576,13789,T,C,13789T>C,transition,MT-ND5,1,Tyr,His,485,4,L1b,L1,L,256,30589,0.0084,1
0.576,13789,T,C,13789T>C,transition,MT-ND5,1,Tyr,His,485,4,L1c,L1,L,452,30589,0.0148,2
0.571,13886,T,C,13886T>C,transition,MT-ND5,2,Lys,Pro,517,13,L3d,L3,L,220,30589,0.0072,10
0.569,8393,C,T,8393C>T,transition,MT-ATP8,1,Pro,Ser,10,11,X2b,X2,X,102,30589,0.0033,11
0.558,6663,A,G,6663A>G,transition,MT-CO1,1,Ile,Val,254,6,L2a,L2,L,123,30589,0.004,3
0.553,8584,G,A,8584G>A,transition,MT-ATP6,1,Ala,Thr,20,57,B5b,B5,B,104,30589,0.0034,3
0.553,8584,G,A,8584G>A,transition,MT-ATP6,1,Ala,Thr,20,57,C,C,C,113,30589,0.0037,4
0.553,8584,G,A,8584G>A,transition,MT-ATP6,1,Ala,Thr,20,57,C1b,C1,C,152,30589,0.005,6
0.553,8584,G,A,8584G>A,transition,MT-ATP6,1,Ala,Thr,20,57,C4a,C4,C,218,30589,0.0071,10
0.553,8584,G,A,8584G>A,transition,MT-ATP6,1,Ala,Thr,20,57,C4b,C4,C,134,30589,0.0044,11
0.552,14000,T,A,14000T>A,transversion,MT-ND5,2,Lys,Gln,555,5,L1c,L1,L,452,30589,0.0148,2
0.547,15204,T,C,15204T>C,transition,MT-CYB,2,Ile,Thr,153,17,C4a,C4,C,222,30589,0.0073,2
0.547,15204,T,C,15204T>C,transition,MT-CYB,2,Ile,Thr,153,17,C4b,C4,C,135,30589,0.0044,3
0.54,3796,A,G,3796A>G,transition,MT-ND1,1,Thr,Ala,164,22,H1b,H1,H,107,30589,0.0035,5
0.527,7805,G,A,7805G>A,transition,MT-CO2,1,Val,Ile,74,37,U6a,U6,U,199,30589,0.0065,36
0.52,3796,A,T,3796A>T,transversion,MT-ND1,1,Thr,Ser,164,1,L1c,L1,L,171,30589,0.0056,1
0.518,15812,G,A,15812G>A,transition,MT-CYB,1,Val,Met,356,13,J2b,J2,J,132,30589,0.0043,3
0.516,14178,T,C,14178T>C,transition,MT-ND6,1,Ile,Val,166,32,L1b,L1,L,256,30589,0.0084,14
0.516,14178,T,C,14178T>C,transition,MT-ND6,1,Ile,Val,166,32,L1c,L1,L,452,30589,0.0148,15
0.513,8414,C,T,8414C>T,transition,MT-ATP8,1,Lys,Phe,17,40,D4a,D4,D,129,30589,0.0042,20
0.513,8414,C,T,8414C>T,transition,MT-ATP8,1,Lys,Phe,17,40,D4b,D4,D,200,30589,0.0065,21
0.513,8414,C,T,8414C>T,transition,MT-ATP8,1,Lys,Phe,17,40,D4e,D4,D,110,30589,0.0036,24
0.513,8414,C,T,8414C>T,transition,MT-ATP8,1,Lys,Phe,17,40,D4j,D4,D,127,30589,0.0042,29
0.509,8448,T,C,8448T>C,transition,MT-ATP8,2,Met,Thr,28,5,H11a,H1,H,122,30589,0.004,3
0.506,15311,A,G,15311A>G,transition,MT-CYB,1,Ile,Val,189,3,L3b,L3,L,135,30589,0.0044,2
0.505,5460,G,A,5460G>A,transition,MT-ND2,1,Ala,Thr,331,151,H1e,H1,H,195,30589,0.0064,33
0.505,5460,G,A,5460G>A,transition,MT-ND2,1,Ala,Thr,331,151,J1b,J1,J,147,30589,0.0048,50
0.505,5460,G,A,5460G>A,transition,MT-ND2,1,Ala,Thr,331,151,L0a,L0,L,357,30589,0.0117,56
0.505,5460,G,A,5460G>A,transition,MT-ND2,1,Ala,Thr,331,151,M7b,M7,M,251,30589,0.0082,85
0.98,8527,A,G,8527A>G,transition,MT-ATP6,1,Met,Val,1,2,L3f,L3,L,124,30589,0.0041,1
0.85,13129,C,T,13129C>T,transition,MT-ND5,1,Pro,Ser,265,3,L0d,L0,L,172,30589,0.0056,1
0.839,9438,G,A,9438G>A,transition,MT-CO3,1,Gly,Ser,78,37,L0d,L0,L,127,30589,0.0042,14
0.785,15257,G,A,15257G>A,transition,MT-CYB,1,Asp,Asn,171,19,J2a,J2,J,201,30589,0.0066,10
0.785,15257,G,A,15257G>A,transition,MT-CYB,1,Asp,Asn,171,19,J2b,J2,J,133,30589,0.0043,11
0.783,3394,T,C,3394T>C,transition,MT-ND1,1,Tyr,His,30,54,J1c,J1,J,110,30589,0.0036,24
0.783,3394,T,C,3394T>C,transition,MT-ND1,1,Tyr,His,30,54,M9a,M9,M,180,30589,0.0059,40
0.753,15662,A,G,15662A>G,transition,MT-CYB,1,Ile,Val,306,8,B5b,B5,B,104,30589,0.0034,1
0.705,8836,A,G,8836A>G,transition,MT-ATP6,1,Met,Val,104,2,N1b,N1,N,83,30589,0.0027,1
0.676,3644,T,C,3644T>C,transition,MT-ND1,2,Val,Ala,113,19,D4h,D4,D,87,30589,0.0028,4
0.676,6150,G,A,6150G>A,transition,MT-CO1,1,Val,Ile,83,9,L1c,L1,L,158,30589,0.0052,4
0.671,5331,C,A,5331C>A,transversion,MT-ND2,1,Lys,Ile,288,1,L2b,L2,L,79,30589,0.0026,1
0.669,14110,T,C,14110T>C,transition,MT-ND5,1,Phe,Leu,592,38,M1a,M1,M,117,30589,0.0038,23
0.664,6480,G,A,6480G>A,transition,MT-CO1,1,Val,Ile,193,24,L1c,L1,L,64,30589,0.0021,13
0.664,3992,C,T,3992C>T,transition,MT-ND1,2,Thr,Met,229,9,H4a,H4,H,168,30589,0.0055,3
0.662,8932,C,T,8932C>T,transition,MT-ATP6,1,Pro,Ser,136,3,L3f,L3,L,124,30589,0.0041,2
0.646,7697,G,A,7697G>A,transition,MT-CO2,1,Val,Ile,38,9,C1d,C1,C,60,30589,0.002,2
0.646,7697,G,A,7697G>A,transition,MT-CO2,1,Val,Ile,38,9,M9a,M9,M,51,30589,0.0017,7
0.642,9136,A,G,9136A>G,transition,MT-ATP6,1,Ile,Val,204,1,L0k,L0,L,98,30589,0.0032,1
0.641,8618,T,C,8618T>C,transition,MT-ATP6,2,Ile,Thr,31,21,L3d,L3,L,214,30589,0.007,10
0.641,6489,C,A,6489C>A,transversion,MT-CO1,1,Lys,Ile,196,2,T2f,T2,T,55,30589,0.0018,2
0.639,11969,G,A,11969G>A,transition,MT-ND4,1,Ala,Thr,404,23,C4a,C4,C,222,30589,0.0073,3
0.639,11969,G,A,11969G>A,transition,MT-ND4,1,Ala,Thr,404,23,C4b,C4,C,134,30589,0.0044,4
0.63,11172,A,G,11172A>G,transition,MT-ND4,2,Asn,Ser,138,9,L0a,L0,L,179,30589,0.0059,5
0.628,4917,A,G,4917A>G,transition,MT-ND2,1,Asn,Asp,150,35,T1a,T1,T,337,30589,0.011,18
0.628,4917,A,G,4917A>G,transition,MT-ND2,1,Asn,Asp,150,35,T2,T2,T,89,30589,0.0029,20
0.628,4917,A,G,4917A>G,transition,MT-ND2,1,Asn,Asp,150,35,T2a,T2,T,154,30589,0.005,21
0.628,4917,A,G,4917A>G,transition,MT-ND2,1,Asn,Asp,150,35,T2b,T2,T,509,30589,0.0166,22
0.628,4917,A,G,4917A>G,transition,MT-ND2,1,Asn,Asp,150,35,T2c,T2,T,79,30589,0.0026,23
0.628,4917,A,G,4917A>G,transition,MT-ND2,1,Asn,Asp,150,35,T2e,T2,T,73,30589,0.0024,25
0.628,4917,A,G,4917A>G,transition,MT-ND2,1,Asn,Asp,150,35,T2f,T2,T,57,30589,0.0019,26
0.625,3571,C,T,3571C>T,transition,MT-ND1,1,Lys,Phe,89,1,B4c,B4,B,62,30589,0.002,1
0.625,6285,G,A,6285G>A,transition,MT-CO1,1,Val,Ile,128,6,D4h,D4,D,51,30589,0.0017,2
0.62,3866,T,C,3866T>C,transition,MT-ND1,2,Ile,Thr,187,23,L0a,L0,L,60,30589,0.002,12
0.615,3547,A,G,3547A>G,transition,MT-ND1,1,Ile,Val,81,36,B2,B2,B,125,30589,0.0041,1
0.615,3547,A,G,3547A>G,transition,MT-ND1,1,Ile,Val,81,36,B2b,B2,B,77,30589,0.0025,3
0.611,4216,T,C,4216T>C,transition,MT-ND1,1,Tyr,His,304,66,J1b,J1,J,230,30589,0.0075,20
0.611,4216,T,C,4216T>C,transition,MT-ND1,1,Tyr,His,304,66,J1c,J1,J,843,30589,0.0276,21
0.611,4216,T,C,4216T>C,transition,MT-ND1,1,Tyr,His,304,66,J1d,J1,J,59,30589,0.0019,22
0.611,4216,T,C,4216T>C,transition,MT-ND1,1,Tyr,His,304,66,J2a,J2,J,200,30589,0.0065,23
0.611,4216,T,C,4216T>C,transition,MT-ND1,1,Tyr,His,304,66,J2b,J2,J,134,30589,0.0044,24
0.611,4216,T,C,4216T>C,transition,MT-ND1,1,Tyr,His,304,66,T1a,T1,T,347,30589,0.0113,47
0.611,4216,T,C,4216T>C,transition,MT-ND1,1,Tyr,His,304,66,T2,T2,T,89,30589,0.0029,49
0.611,4216,T,C,4216T>C,transition,MT-ND1,1,Tyr,His,304,66,T2a,T2,T,154,30589,0.005,50
0.611,4216,T,C,4216T>C,transition,MT-ND1,1,Tyr,His,304,66,T2b,T2,T,508,30589,0.0166,51
0.611,4216,T,C,4216T>C,transition,MT-ND1,1,Tyr,His,304,66,T2c,T2,T,79,30589,0.0026,52
0.611,4216,T,C,4216T>C,transition,MT-ND1,1,Tyr,His,304,66,T2e,T2,T,73,30589,0.0024,54
0.611,4216,T,C,4216T>C,transition,MT-ND1,1,Tyr,His,304,66,T2f,T2,T,58,30589,0.0019,55
0.61,13637,A,G,13637A>G,transition,MT-ND5,2,Gln,Arg,434,6,U5b,U5,U,212,30589,0.0069,4
0.609,14798,T,C,14798T>C,transition,MT-CYB,1,Phe,Leu,18,36,J1c,J1,J,841,30589,0.0275,12
0.609,14798,T,C,14798T>C,transition,MT-CYB,1,Phe,Leu,18,36,K1a,K1,K,806,30589,0.0263,14
0.609,14798,T,C,14798T>C,transition,MT-CYB,1,Phe,Leu,18,36,K1b,K1,K,125,30589,0.0041,15
0.609,14798,T,C,14798T>C,transition,MT-CYB,1,Phe,Leu,18,36,K1c,K1,K,173,30589,0.0057,16
0.609,14798,T,C,14798T>C,transition,MT-CYB,1,Phe,Leu,18,36,K2a,K2,K,180,30589,0.0059,20
0.609,14798,T,C,14798T>C,transition,MT-CYB,1,Phe,Leu,18,36,K2b,K2,K,65,30589,0.0021,21
0.609,4232,T,C,4232T>C,transition,MT-ND1,2,Ile,Thr,309,25,L0d,L0,L,550,30589,0.018,16
0.608,8794,C,T,8794C>T,transition,MT-ATP6,1,His,Tyr,90,62,A2,A2,A,163,30589,0.0053,18
0.608,8794,C,T,8794C>T,transition,MT-ATP6,1,His,Tyr,90,62,A2a,A2,A,159,30589,0.0052,22
0.608,8794,C,T,8794C>T,transition,MT-ATP6,1,His,Tyr,90,62,A5a,A5,A,63,30589,0.0021,51
0.606,13780,A,G,13780A>G,transition,MT-ND5,1,Ile,Val,482,32,I1a,I1,I,93,30589,0.003,4
0.606,13780,A,G,13780A>G,transition,MT-ND5,1,Ile,Val,482,32,I2,I2,I,59,30589,0.0019,9
0.606,13780,A,G,13780A>G,transition,MT-ND5,1,Ile,Val,482,32,I4a,I4,I,62,30589,0.002,21
0.606,13780,A,G,13780A>G,transition,MT-ND5,1,Ile,Val,482,32,N1a,N1,N,117,30589,0.0038,30
0.604,4640,C,A,4640C>A,transversion,MT-ND2,3,Ile,Met,57,1,U3b,U3,U,71,30589,0.0023,1
0.6,5076,C,T,5076C>T,transition,MT-ND2,1,Lys,Phe,203,1,F3b,F3,F,62,30589,0.002,1
0.594,4639,T,C,4639T>C,transition,MT-ND2,2,Ile,Thr,57,22,V1a,V1,V,80,30589,0.0026,22
0.587,12811,T,C,12811T>C,transition,MT-ND5,1,Tyr,His,159,10,H3h,H3,H,54,30589,0.0018,6
0.587,12811,T,C,12811T>C,transition,MT-ND5,1,Tyr,His,159,10,M7b,M7,M,187,30589,0.0061,9
0.583,13145,G,A,13145G>A,transition,MT-ND5,2,Ser,Asn,270,46,U8a,U8,U,61,30589,0.002,43
0.582,8616,G,T,8616G>T,transversion,MT-ATP6,3,Lys,Phe,30,1,I1a,I1,I,93,30589,0.003,1
0.581,11696,G,A,11696G>A,transition,MT-ND4,1,Val,Ile,313,14,D4j,D4,D,126,30589,0.0041,3
0.577,3308,T,C,3308T>C,transition,MT-ND1,2,Met,Thr,1,17,L1b,L1,L,257,30589,0.0084,11
0.577,3434,A,G,3434A>G,transition,MT-ND1,2,Tyr,Cys,43,25,F3b,F3,F,66,30589,0.0022,7
0.576,13789,T,C,13789T>C,transition,MT-ND5,1,Tyr,His,485,4,L1b,L1,L,256,30589,0.0084,1
0.576,13789,T,C,13789T>C,transition,MT-ND5,1,Tyr,His,485,4,L1c,L1,L,452,30589,0.0148,2
0.572,6261,G,A,6261G>A,transition,MT-CO1,1,Ala,Thr,120,47,T2c,T2,T,75,30589,0.0025,41
0.571,4506,A,G,4506A>G,transition,MT-ND2,1,Ile,Val,13,4,L1c,L1,L,56,30589,0.0018,2
0.571,13886,T,C,13886T>C,transition,MT-ND5,2,Lys,Pro,517,13,L3d,L3,L,220,30589,0.0072,10
0.569,8393,C,T,8393C>T,transition,MT-ATP8,1,Pro,Ser,10,11,X2b,X2,X,102,30589,0.0033,11
0.559,13630,A,G,13630A>G,transition,MT-ND5,1,Thr,Ala,432,2,U5b,U5,U,55,30589,0.0018,2
0.558,6663,A,G,6663A>G,transition,MT-CO1,1,Ile,Val,254,6,L2a,L2,L,123,30589,0.004,3
0.554,5277,T,C,5277T>C,transition,MT-ND2,1,Phe,Leu,270,15,T2f,T2,T,55,30589,0.0018,14
0.553,8584,G,A,8584G>A,transition,MT-ATP6,1,Ala,Thr,20,57,B5a,B5,B,93,30589,0.003,2
0.553,8584,G,A,8584G>A,transition,MT-ATP6,1,Ala,Thr,20,57,B5b,B5,B,104,30589,0.0034,3
0.553,8584,G,A,8584G>A,transition,MT-ATP6,1,Ala,Thr,20,57,C,C,C,113,30589,0.0037,4
0.553,8584,G,A,8584G>A,transition,MT-ATP6,1,Ala,Thr,20,57,C1b,C1,C,152,30589,0.005,6
0.553,8584,G,A,8584G>A,transition,MT-ATP6,1,Ala,Thr,20,57,C1c,C1,C,53,30589,0.0017,7
0.553,8584,G,A,8584G>A,transition,MT-ATP6,1,Ala,Thr,20,57,C1d,C1,C,71,30589,0.0023,8
0.553,8584,G,A,8584G>A,transition,MT-ATP6,1,Ala,Thr,20,57,C4a,C4,C,218,30589,0.0071,10
0.553,8584,G,A,8584G>A,transition,MT-ATP6,1,Ala,Thr,20,57,C4b,C4,C,134,30589,0.0044,11
0.553,8584,G,A,8584G>A,transition,MT-ATP6,1,Ala,Thr,20,57,C7a,C7,C,52,30589,0.0017,21
0.553,8584,G,A,8584G>A,transition,MT-ATP6,1,Ala,Thr,20,57,Z1a,Z1,Z,64,30589,0.0021,48
0.552,12940,G,A,12940G>A,transition,MT-ND5,1,Ala,Thr,202,25,Q1,Q1,Q,62,30589,0.002,14
0.552,14000,T,A,14000T>A,transversion,MT-ND5,2,Lys,Gln,555,5,L1c,L1,L,452,30589,0.0148,2
0.547,15204,T,C,15204T>C,transition,MT-CYB,2,Ile,Thr,153,17,C4a,C4,C,222,30589,0.0073,2
0.547,15204,T,C,15204T>C,transition,MT-CYB,2,Ile,Thr,153,17,C4b,C4,C,135,30589,0.0044,3
0.545,8519,G,A,8519G>A,transition,MT-ATP8,1,Glu,Lys,52,6,I4a,I4,I,61,30589,0.002,3
0.54,3796,A,G,3796A>G,transition,MT-ND1,1,Thr,Ala,164,22,H1b,H1,H,107,30589,0.0035,5
0.539,15674,T,C,15674T>C,transition,MT-CYB,1,Ser,Pro,310,2,R0a,R0,R,88,30589,0.0029,1
0.528,8387,G,A,8387G>A,transition,MT-ATP8,1,Val,Met,8,15,L2b,L2,L,78,30589,0.0025,10
0.527,7805,G,A,7805G>A,transition,MT-CO2,1,Val,Ile,74,37,U6a,U6,U,199,30589,0.0065,36
0.52,3796,A,T,3796A>T,transversion,MT-ND1,1,Thr,Ser,164,1,L1c,L1,L,171,30589,0.0056,1
0.518,15812,G,A,15812G>A,transition,MT-CYB,1,Val,Met,356,13,J2b,J2,J,132,30589,0.0043,3
0.516,14178,T,C,14178T>C,transition,MT-ND6,1,Ile,Val,166,32,L1b,L1,L,256,30589,0.0084,14
0.516,14178,T,C,14178T>C,transition,MT-ND6,1,Ile,Val,166,32,L1c,L1,L,452,30589,0.0148,15
0.516,14178,T,C,14178T>C,transition,MT-ND6,1,Ile,Val,166,32,Y1a,Y1,Y,60,30589,0.002,28
0.513,8414,C,T,8414C>T,transition,MT-ATP8,1,Lys,Phe,17,40,D1,D1,D,94,30589,0.0031,1
0.513,8414,C,T,8414C>T,transition,MT-ATP8,1,Lys,Phe,17,40,D2a,D2,D,60,30589,0.002,15
0.513,8414,C,T,8414C>T,transition,MT-ATP8,1,Lys,Phe,17,40,D4a,D4,D,129,30589,0.0042,20
0.513,8414,C,T,8414C>T,transition,MT-ATP8,1,Lys,Phe,17,40,D4b,D4,D,200,30589,0.0065,21
0.513,8414,C,T,8414C>T,transition,MT-ATP8,1,Lys,Phe,17,40,D4c,D4,D,60,30589,0.002,22
0.513,8414,C,T,8414C>T,transition,MT-ATP8,1,Lys,Phe,17,40,D4e,D4,D,110,30589,0.0036,24
0.513,8414,C,T,8414C>T,transition,MT-ATP8,1,Lys,Phe,17,40,D4g,D4,D,59,30589,0.0019,26
0.513,8414,C,T,8414C>T,transition,MT-ATP8,1,Lys,Phe,17,40,D4h,D4,D,87,30589,0.0028,27
0.513,8414,C,T,8414C>T,transition,MT-ATP8,1,Lys,Phe,17,40,D4j,D4,D,127,30589,0.0042,29
0.512,12557,C,T,12557C>T,transition,MT-ND5,2,Thr,Ile,74,16,U2e,U2,U,76,30589,0.0025,13
0.509,8448,T,C,8448T>C,transition,MT-ATP8,2,Met,Thr,28,5,H11a,H1,H,122,30589,0.004,3
0.506,15311,A,G,15311A>G,transition,MT-CYB,1,Ile,Val,189,3,L3b,L3,L,135,30589,0.0044,2
0.505,5460,G,A,5460G>A,transition,MT-ND2,1,Ala,Thr,331,151,H1e,H1,H,195,30589,0.0064,33
0.505,5460,G,A,5460G>A,transition,MT-ND2,1,Ala,Thr,331,151,J1b,J1,J,147,30589,0.0048,50
0.505,5460,G,A,5460G>A,transition,MT-ND2,1,Ala,Thr,331,151,L0a,L0,L,357,30589,0.0117,56
0.505,5460,G,A,5460G>A,transition,MT-ND2,1,Ala,Thr,331,151,L0d,L0,L,75,30589,0.0025,57
0.505,5460,G,A,5460G>A,transition,MT-ND2,1,Ala,Thr,331,151,M7b,M7,M,251,30589,0.0082,85
0.505,5460,G,A,5460G>A,transition,MT-ND2,1,Ala,Thr,331,151,Q1,Q1,Q,62,30589,0.002,94
0.505,5460,G,A,5460G>A,transition,MT-ND2,1,Ala,Thr,331,151,W3a,W3,W,60,30589,0.002,132
